UMAP_1,UMAP_2,label
7.3106723,0.589155,1
-0.5160684,5.9786553,1
5.465923,5.1591988,1
-0.4110468,5.9194293,1
8.067064,1.8780835,1
7.9959335,0.4163024,1
9.579067,6.095576,1
5.108903,0.77580875,1
3.7563317,8.402827,1
9.8981495,3.09775,1
-0.55291843,7.698049,1
5.811663,4.5965147,1
-1.4930153,4.3895807,1
7.9159536,0.14016207,1
1.1536018,3.086211,1
0.6005169,2.0450635,1
8.505312,6.0101767,1
3.9075177,9.195671,1
4.8061786,0.91919655,1
2.9651055,6.964486,1
6.4243507,1.9753853,1
7.299283,9.874936,1
1.1540576,3.1081364,1
-1.8942536,7.2117333,1
5.4429703,4.7500687,1
7.2451353,1.7867045,1
0.0023212275,8.983868,1
5.0590386,3.2552664,1
11.370078,3.7825904,1
3.9031112,7.4872065,1
8.811503,4.31687,1
8.879082,0.0682802,1
8.674305,3.575733,1
-0.23428477,5.133837,1
3.9697967,9.18596,1
0.15428619,1.2531042,1
3.7772384,4.8945684,1
9.083527,0.8668056,1
3.2284708,6.434559,1
4.996456,1.4082372,1
8.457989,9.057466,1
9.149804,6.773776,1
5.3953066,0.20919406,1
2.6621275,6.4056654,1
10.851202,6.619861,1
1.2336545,3.3056083,1
-0.2172892,8.028225,1
1.7163494,7.7303104,1
-1.5412347,8.872728,1
-0.19587584,7.5798154,1
11.113051,2.5424604,1
8.134985,0.92082816,1
11.594889,8.861859,1
5.9206944,3.469416,1
1.1024786,2.9761121,1
4.4204373,5.035191,1
5.3908243,5.092226,1
7.2698803,7.325749,1
0.93070096,2.865359,1
10.016278,5.7188835,1
-2.0974994,6.517068,1
1.1454619,4.8031573,1
4.7363405,9.87588,1
10.237159,4.6873107,1
1.5136173,4.998592,1
1.959261,7.9939713,1
9.688475,4.1922774,1
9.425969,0.35383543,1
6.296297,6.838793,1
3.7995021,4.6620107,1
-0.9663469,8.400724,1
11.548938,8.865814,1
6.2703466,10.2948065,1
1.2827313,0.26256704,1
7.541961,1.9292617,1
0.6088984,7.0276732,1
9.774396,3.4277296,1
-0.7585949,5.25253,1
4.486493,1.957115,1
8.660176,9.182876,1
4.175661,7.6504426,1
10.429303,6.334422,1
-1.944605,8.006631,1
8.615429,9.714789,1
-0.2583577,5.2138176,1
8.221419,6.1035857,1
10.957386,3.5695393,1
11.335486,3.543866,1
11.364814,3.479434,1
9.941976,5.6983414,1
6.6187673,-0.4328647,1
-1.6961448,9.004842,1
6.358985,10.303014,1
0.08630611,8.722716,1
7.6455865,1.9459786,1
-1.0087999,3.868559,1
8.186189,4.0630784,1
4.9911532,1.4308963,1
5.642064,5.3733497,1
3.7164102,6.7362137,1
4.0803432,1.6391058,1
8.744606,-0.064644285,1
9.044581,0.1545211,1
0.0017045962,4.9901085,1
5.4408436,-0.0656759,1
9.18358,3.4961147,1
9.780945,8.726338,1
8.706059,6.0132275,1
6.505815,-0.021091921,1
9.370007,1.634493,1
1.6905288,7.725242,1
2.9246655,8.133042,1
8.044755,3.422966,1
8.980114,2.5697212,1
4.1249933,1.9261582,1
6.200001,5.9071655,1
9.287603,7.034937,1
8.400412,3.6800463,1
7.260783,1.2978272,1
0.6450854,2.1401205,1
9.011134,3.3754334,1
4.0873127,9.316767,1
3.4486477,4.2116785,1
-1.3027371,6.0807223,1
-2.1151223,7.58579,1
1.2757045,5.5802417,1
8.481688,9.342654,1
9.151518,0.92585254,1
3.03582,7.18373,1
3.6391764,4.3311343,1
6.244774,4.7429495,1
9.861563,3.5687566,1
-2.0226183,6.702454,1
3.9121387,2.0063353,1
7.121499,8.177358,1
-0.2950409,7.8147225,1
4.059789,10.08701,1
10.4432,5.41993,1
-1.453853,7.862103,1
4.899316,4.8741693,1
4.032817,9.194363,1
0.18556742,4.5641847,1
-0.8751432,3.6686485,1
-1.2268298,5.312946,1
-1.9444221,9.468272,1
2.4328995,0.89896464,1
9.142969,1.3781255,1
-0.87282836,8.253577,1
4.066611,1.7086482,1
5.8598394,2.9785233,4
10.481781,8.444418,4
5.9076505,9.332495,4
1.1243979,0.5531426,4
-0.56552035,2.2744803,4
-0.3952246,4.22797,4
9.934268,2.014235,4
1.3593062,1.3348908,4
2.1375968,1.5944914,4
11.151851,8.555928,4
-0.19044422,1.8979976,4
0.568585,5.3437934,4
10.97759,3.6001127,4
5.1013846,10.16136,4
5.4606795,0.36331862,4
8.588067,9.2663355,4
3.9867005,1.5759224,4
-1.4061112,4.413966,4
4.077702,1.7724528,4
0.053752933,1.5319347,4
10.337743,8.656408,4
9.950888,8.772182,4
1.1816921,0.2254404,4
-1.9763999,9.471407,4
9.152888,4.206333,4
-1.9775075,8.67854,4
2.048629,-0.34221908,4
0.55280566,1.2044142,4
0.7648167,1.6910266,4
3.2022634,2.765029,4
5.365564,9.961909,4
10.800124,8.1818,4
6.456251,9.29137,4
1.5513808,1.4783355,4
0.09867209,1.6117766,4
8.518489,1.1868616,4
2.9268217,-1.3973519,4
1.7992247,7.813777,4
7.2075806,9.841078,4
9.53868,8.850764,4
5.824907,9.832357,4
1.688958,2.3776505,4
11.032635,2.492795,4
3.1477952,-0.6484099,4
-0.21858512,5.7707753,4
2.2777333,-0.7187377,4
0.075914204,1.6575476,4
-0.41055244,5.807955,4
-2.2823257,5.625418,4
6.8651776,9.696234,4
5.863768,-0.26365107,4
-2.1220608,8.975374,4
7.3213997,9.846441,4
7.3275146,9.847464,4
-0.5613211,5.133253,4
11.22815,2.5763185,4
1.5850819,0.2918463,4
0.41845402,4.6760683,4
1.0194938,1.5475098,4
1.9920228,-0.20782892,4
7.47595,4.5703797,4
10.454947,6.718117,4
5.2238855,9.465094,4
2.8701563,-1.0809841,4
5.9436336,10.088476,4
1.3441477,0.2718132,4
-1.9295285,7.1691175,4
-2.237576,7.170615,4
-1.3643916,5.7256727,4
5.5911407,9.201717,4
-0.9830252,3.9008243,4
3.70481,-0.6703293,4
0.6998749,2.0563264,4
7.6238537,7.7814107,4
5.8745294,9.082683,4
1.3019072,0.27352935,4
6.950683,0.66456336,4
6.8348317,9.982824,4
5.8859863,9.063005,4
7.058266,8.813982,4
8.055487,0.5043885,4
9.816597,4.890219,4
7.062933,8.769872,4
-2.2679422,5.7176614,4
-1.6891514,6.4285192,4
9.632126,8.793054,4
0.021196805,8.205176,4
10.080312,7.1103334,4
-1.97907,6.75871,4
10.946746,8.015924,4
8.915868,0.339729,4
10.984679,3.7918313,4
-1.2765561,4.39543,4
4.513203,9.605444,4
11.737199,8.650171,4
-1.9455556,9.445324,4
10.649614,6.697609,4
9.329589,1.172161,4
6.5366125,0.48186484,4
9.369081,7.341228,4
10.833243,2.5983438,4
0.0756428,8.764329,4
3.6936178,4.4001417,4
7.190892,9.922542,4
10.430552,8.447411,4
8.276842,8.488668,4
2.9269454,-0.5641733,4
-0.5360509,2.2037847,4
2.0959628,-0.38509333,4
7.773123,9.669453,4
9.836629,3.905037,4
4.8127184,9.804463,4
2.4292064,-1.2871692,4
-1.8629276,9.33077,4
7.142954,1.2871511,4
10.8603,8.901563,4
7.0991893,8.204084,4
-1.4633859,8.807609,4
8.812785,9.527898,4
4.450156,-0.45222208,4
9.933134,4.233086,4
9.864045,9.233763,4
9.363274,0.24279498,4
11.292457,8.835412,4
6.521181,0.85516655,4
7.81592,5.36424,4
3.2352622,-1.0071331,4
1.3388851,1.2916569,4
1.2437519,0.19106607,4
-1.2462918,5.2150393,4
10.598144,4.2158933,4
1.2863817,1.018648,4
7.1637373,8.153148,4
10.0475645,5.6381125,4
5.0987554,9.599562,4
10.418338,7.0228186,4
5.7273116,-0.11070947,4
10.6665745,6.573504,4
6.5117645,-0.06376579,4
-1.9245006,9.251337,4
10.734069,6.7285695,4
-1.3207082,4.364106,4
2.0985582,7.98566,4
3.1967287,-1.0288221,4
-1.3512065,5.465659,4
7.0859585,9.850231,4
5.1482067,6.0576353,4
0.9894453,0.747436,4
0.9723937,1.4843875,4
3.0873213,-1.1259588,4
9.504799,9.68583,4
-0.40828103,5.8184237,4
6.5345883,0.020190362,4
1.6968211,7.7194614,4
5.397716,0.095505744,4
-1.9839419,7.2912154,4
9.6713295,7.698377,4
6.923997,-0.02664531,4
0.71683306,4.7540345,4
0.755886,0.56519806,4
3.9800918,8.527599,4
0.7392711,0.4441172,4
3.3840256,-0.8313397,4
0.11980665,1.2964745,4
3.2053738,8.29327,4
10.885326,9.010279,4
-2.1202931,9.015958,4
3.6893482,4.908812,4
7.882061,0.18207191,4
3.6038673,-0.41798207,4
-0.5656462,2.2944868,4
3.3097591,-0.92337847,4
0.2056824,4.529414,4
11.096396,9.039735,4
9.598709,8.735356,4
-0.8269315,2.7518423,4
-0.46253872,5.9009213,4
6.176659,5.890564,4
10.5497875,6.1387596,4
10.851872,3.7018163,4
1.1608822,0.39998695,4
9.597824,7.6269774,4
8.790162,0.15714288,4
-2.1440804,8.852579,4
11.017887,7.5249605,3
0.7282436,1.0020404,3
7.188043,0.19252028,3
9.429188,7.462285,3
6.987428,1.32434,3
-1.8488572,6.794328,3
11.395904,2.8269901,3
-1.8585716,7.144246,3
9.544078,6.8145256,3
-1.2571597,7.5463943,3
10.886734,3.435325,3
2.830845,-1.0543481,3
6.9643025,7.782606,3
-0.18699715,1.8375629,3
6.880561,10.096349,3
0.0012839496,8.212739,3
5.920214,10.096804,3
8.347963,9.512501,3
10.343278,6.5230093,3
9.4995985,0.43936107,3
-0.121010974,1.9095244,3
3.9862459,-0.52712977,3
-1.9540117,9.135686,3
11.169197,2.5667484,3
5.130554,0.23713824,3
-2.3151445,5.6895723,3
11.352771,3.8742044,3
-0.6703614,8.545296,3
2.2511435,0.8942553,3
7.0292134,8.866413,3
1.8979503,1.5106459,3
-2.2083073,5.6909056,3
10.009881,1.4454365,3
-2.2258382,7.326029,3
8.747004,9.166621,3
-1.5106567,8.841696,3
1.7347921,0.51373965,3
0.47923788,7.035994,3
3.6472156,4.112427,3
6.0083055,9.802902,3
7.119575,8.177309,3
5.537758,0.075607225,3
3.8253224,-0.5806658,3
7.3360085,0.5968958,3
0.32907522,2.068048,3
9.391716,0.28980651,3
-0.84168416,8.381941,3
6.178835,5.897943,3
5.9870815,9.275572,3
9.746331,3.379104,3
2.462892,0.6011412,3
8.510466,3.64943,3
-1.3951975,7.4656553,3
11.120293,7.3550944,3
9.947589,1.3806815,3
10.507577,8.409377,3
10.107309,9.132204,3
7.457131,7.2914376,3
7.4290366,7.0353866,3
0.38449118,7.2866125,3
7.3777256,0.41178283,3
5.9729385,10.187718,3
10.709654,8.314627,3
1.1050326,0.59719163,3
-1.96456,8.586467,3
0.65015936,2.43519,3
8.400474,3.822904,3
5.4466844,0.33123085,3
11.044822,6.8972826,3
-0.62354743,4.803256,3
6.4954014,9.037074,3
9.919288,9.273125,3
5.7521644,10.30849,3
-1.6553496,6.7639685,3
0.6606303,0.9426285,3
-1.864749,7.1714773,3
-0.5871433,4.359818,3
10.843468,4.3176804,3
8.323117,9.51452,3
3.495695,4.191657,3
0.17688575,1.1476821,3
-2.171317,7.927466,3
6.345737,9.192462,3
0.46061146,2.158947,3
7.975404,8.17368,3
-1.1732357,4.367718,3
3.9136403,0.5967824,3
7.095616,8.209515,3
-2.318754,7.243232,3
8.14682,0.5793427,3
4.362016,-0.47584018,3
-1.2931325,5.0627913,3
6.954302,7.764276,3
4.4105945,9.57306,3
10.594897,6.7083893,3
6.860179,9.848856,3
-0.621193,6.905462,3
-0.86617684,4.528175,3
11.359469,2.788311,3
3.9743195,1.4865115,3
6.660404,8.703945,3
9.697242,8.672141,3
11.396773,3.0589135,3
-1.52511,7.788477,3
4.0332613,1.5445591,3
8.762502,9.710324,3
8.448506,3.6548433,3
8.416397,3.6788056,3
10.1097765,5.462698,3
2.1597378,-0.4396465,3
7.6149507,3.9689443,3
10.517421,6.3782625,3
0.15112679,4.508923,3
-0.25397784,1.7154372,3
7.1984944,0.43826398,3
6.663879,0.016369915,3
0.38504836,2.0181925,3
3.893387,-0.5539021,3
1.6700116,7.7196717,3
11.293782,7.9842443,3
10.916152,3.4605386,3
-2.346755,5.6557145,3
8.260467,1.3373528,3
6.3371086,-0.10506464,3
-1.6599694,9.003861,3
9.845925,3.6072445,3
3.2192283,2.7816532,3
3.030637,-1.4946917,3
0.28289366,7.2313623,3
2.9174016,-0.5390471,3
1.766576,0.48678562,3
-2.3172245,7.557446,3
8.799781,0.09921075,3
10.181068,4.351864,3
6.951896,7.768937,3
10.851753,6.9213357,3
-0.20285296,7.2149706,3
-0.060637705,7.192058,3
-1.3453943,6.473595,3
-0.42212927,8.722961,3
11.747935,8.672643,3
4.8287687,9.377084,3
-2.2376673,5.418481,3
4.1251216,1.7741734,3
-2.2305403,6.3199663,3
8.927961,9.031969,3
9.325069,1.0882453,3
-0.4735975,4.9913325,3
4.53446,-0.37019753,3
0.13772239,1.2882273,3
7.5281734,1.947492,13
9.317464,4.5831614,13
9.926096,3.8807163,13
7.454452,4.6783943,13
1.7144661,1.5178533,13
-1.2458923,4.4267287,13
1.7140746,7.7532787,13
6.276386,-0.51473653,13
6.9863105,8.30763,13
1.7113658,7.7362204,13
2.6956494,0.7197457,13
5.841732,10.276989,13
6.7527637,-0.3577093,13
1.592076,4.9893346,13
11.071108,3.5318844,13
8.812252,5.9974933,13
1.8524183,8.01568,13
7.75218,4.2695575,13
8.552726,9.732895,13
-1.4591293,6.6523094,13
9.209982,1.5101516,13
3.9333181,3.2178662,13
3.3838964,6.5405693,13
1.5761129,7.6562486,13
3.913564,9.202749,13
1.0270095,7.3732624,13
2.9914615,-1.4699706,13
-0.8993673,7.8687387,13
9.648013,4.2630553,13
8.191193,9.642134,13
-1.6316178,7.46135,13
3.1843479,2.7445152,13
5.701868,10.284044,13
9.378962,3.8242455,13
3.413983,6.585221,13
6.6646366,10.199769,13
4.050059,1.5110084,13
3.441012,4.203448,13
0.07554084,5.1172037,13
5.797828,9.352572,13
-0.5064734,5.2784934,13
9.568009,6.1278214,13
4.942319,1.4082824,13
7.0659604,0.11875505,13
-0.1416916,8.182012,13
7.202584,1.369226,13
11.371537,7.684631,13
1.6066729,1.5216098,13
-1.1864392,4.4845295,13
-1.4525114,8.698484,13
-1.3574728,8.561961,13
5.2174187,3.2743146,13
2.6558778,0.6541626,13
1.1360089,7.3158374,13
-0.43258327,3.5280676,13
2.0177522,0.5735785,13
-1.0651308,7.6506333,13
0.13447398,4.61751,13
8.870869,3.687507,13
8.596078,2.6310277,13
1.9223052,0.947937,13
4.676539,9.828807,13
9.623667,6.07628,13
5.74473,-0.13385333,13
8.025858,3.5017357,13
5.878031,3.0506291,13
1.9631442,7.9792924,13
-2.0097606,8.671367,13
10.716438,6.2034755,13
-0.31383827,4.3097167,13
4.990465,4.6379313,13
7.4445467,1.2128662,13
6.7898927,10.11649,13
8.9808855,4.2021313,13
4.8322144,4.9118247,13
8.480105,4.0482163,13
-0.8351843,7.840059,13
2.668347,6.380396,13
6.8665323,5.576369,13
0.14930698,5.858597,13
11.732786,8.744478,13
5.112375,3.2933927,13
9.637118,4.963539,13
-0.5882686,6.785089,13
-1.4650283,7.9174147,13
-1.2291294,7.0886316,13
4.7137027,4.9180927,13
1.715971,2.4079456,13
3.5491405,8.410961,13
-0.9062346,8.306266,13
1.8162099,7.8946743,13
4.2542496,9.456687,13
10.45662,4.448272,13
1.1001238,3.0636244,13
-1.3686106,7.7764707,13
5.173465,6.0380077,13
2.4162712,-1.2759106,13
4.2564173,1.7540185,13
5.293077,5.0488086,13
9.930186,8.3781595,13
7.544063,1.7727727,13
3.8423257,2.0766263,13
6.00998,4.3145685,13
10.134274,8.87171,13
7.412263,7.206155,13
9.44117,1.6299565,13
-0.92741853,4.5123625,13
4.9665656,1.4164814,13
7.3900566,5.1176496,13
6.0663857,6.193315,13
-1.3978958,7.5037475,13
8.638801,2.6703153,13
9.20769,3.4237955,13
10.19417,4.2907147,13
5.0325003,4.9558797,13
2.1025393,7.9520106,13
-1.344067,5.687066,13
1.1237637,7.371207,13
3.7334266,-0.6562338,2
1.5146314,1.7246137,2
0.8517968,0.62354493,2
10.878521,8.879766,2
10.325131,4.1422467,2
6.89169,9.7910385,2
-2.4185948,5.5834317,2
2.0410142,-0.21651056,2
0.11588623,1.5522088,2
-0.81986314,3.9315624,2
5.3080344,5.225206,2
7.275969,9.91627,2
10.980622,8.113324,2
3.2225523,-0.6297029,2
-0.9775069,3.9055908,2
-1.3064938,6.0623636,2
9.905682,9.263259,2
1.7586083,0.31671885,2
10.87678,8.228749,2
5.469601,9.57829,2
-0.20979959,8.87201,2
2.7255437,-0.43116644,2
10.469159,8.43864,2
9.622927,8.663299,2
0.643332,1.7874404,2
1.0754181,0.5051924,2
10.976713,8.915422,2
1.4677901,1.6218778,2
0.07273438,1.4903214,2
9.220567,1.4096496,2
9.963164,9.14245,2
11.017468,3.399801,2
10.811882,9.123201,2
0.5346017,5.769889,2
10.632905,6.775499,2
1.9741672,-0.2084838,2
11.11616,7.427118,2
5.847343,10.090736,2
-2.3886101,5.6367025,2
9.256914,4.0068626,2
-1.7975494,9.230215,2
6.826364,5.738144,2
7.008693,5.1537933,2
0.6129792,1.1272198,2
1.4654697,1.2696354,2
-0.7486609,6.916239,2
3.538118,-0.79869235,2
-0.35260782,1.9678818,2
9.861463,8.890767,2
6.376,-0.08385025,2
10.9550495,7.999716,2
-2.4608645,5.542554,2
1.7578964,0.06664704,2
10.81135,8.917177,2
4.1114774,1.9119539,2
-0.90907425,7.8238196,2
0.13521528,1.2665188,2
9.3167925,0.7124535,2
-0.17909312,1.830904,2
6.557968,0.040462326,2
1.9746466,5.917122,2
-0.13610394,1.8121918,2
8.140681,0.9286813,2
10.938841,7.6781178,2
3.8809834,3.7306337,2
9.666832,9.329874,2
1.0850987,7.227358,2
7.2368565,7.3663044,2
9.34146,0.45970842,2
11.1071615,7.1788,2
5.4111166,0.35485798,2
0.10015093,5.8915434,2
9.941814,8.649137,2
0.5139615,2.0752914,2
4.335343,9.599913,2
2.5852528,-0.8998174,2
5.8701,10.25905,2
0.39668557,1.2337815,2
10.698815,8.263913,2
-2.2230792,6.3913007,2
1.9562998,-0.22539087,2
5.484149,4.5473003,2
3.113041,8.413943,2
1.9717963,5.878827,2
6.956551,0.03615541,2
7.959904,3.66543,2
8.318646,8.528908,2
-2.087521,9.088269,2
5.854623,9.098664,2
1.7692347,0.4812232,2
0.13275464,1.2962195,2
-0.2668245,1.746817,2
-2.0323465,9.113473,2
6.204156,-0.5126605,2
-0.22447935,1.6887444,2
7.317953,9.861314,2
0.29138806,0.9577571,2
2.6659734,-0.4557042,2
4.287101,9.478374,2
10.765484,4.14152,2
11.726089,8.751584,2
7.874833,0.17066514,2
2.8988917,-1.070669,2
-0.015598768,1.7990731,2
3.1355674,7.268456,2
0.90336686,2.8939884,2
0.59460753,1.3439132,2
10.831593,6.9078074,2
6.800978,0.03400968,2
0.4902029,5.593506,2
2.626861,6.4763722,2
5.7606573,10.17916,2
10.765552,4.328536,2
10.690539,7.1396275,2
3.5668762,3.4466531,2
3.733821,-0.40700254,2
0.27708444,1.2515174,2
-1.2702489,7.0512066,2
9.634411,8.636835,2
9.071637,3.9074898,2
-0.52183205,8.624081,2
-1.4755081,4.397516,2
7.965116,8.172112,2
8.228265,9.656189,2
-0.282654,1.7077286,2
0.48917043,7.254735,2
10.251998,6.270396,2
6.2522435,10.073846,2
10.781002,9.111864,2
5.158006,9.632603,2
-0.028393803,1.7977612,2
10.880337,6.958519,2
10.356844,8.551498,2
8.144516,4.155085,2
10.515603,8.394307,2
1.9353266,-0.14107783,2
10.766199,4.1628504,2
-2.094678,8.9512205,2
1.3923762,1.3749361,2
4.0280704,1.5398413,2
0.5684404,2.0676513,2
1.1113042,7.235457,2
10.931467,7.1453223,2
0.41350695,1.2000432,2
6.3066435,-0.5281085,2
10.676512,4.170622,2
8.643246,4.294197,2
10.1877165,7.0769906,2
6.247597,-0.1067825,2
9.351641,2.1452096,2
1.5437269,1.5450485,2
1.3698902,5.595343,2
0.85259676,1.5713259,2
-2.4219697,5.5898414,2
11.217817,8.118184,2
-1.4512014,4.4048667,2
-2.4950352,5.4981613,2
11.262699,8.668121,2
6.242931,9.153903,2
7.9938016,1.9406921,2
10.276481,8.9205265,2
10.354761,6.516898,2
9.908322,9.273276,2
11.422132,8.065046,2
3.2195423,-0.6137725,2
2.2622993,-0.46603516,2
10.871953,6.6075287,2
9.70306,1.683696,2
-0.8062382,2.7087576,2
6.354413,1.2730464,2
3.4517086,-0.87893635,2
-1.9381362,9.501302,2
-0.7338353,6.9657426,2
1.1298462,1.4447256,2
7.395324,7.2086024,2
0.7814479,0.82634956,2
6.290799,6.8713865,2
9.841702,9.27926,2
-0.5345263,2.2269695,2
8.751466,9.747579,2
1.0282842,7.2160316,2
10.093,7.145955,2
-0.045915917,9.0231495,2
6.013638,9.116358,2
8.6493435,3.7320802,8
3.7800686,4.510059,8
9.345416,4.1621017,8
1.513341,5.4613996,8
8.153217,4.113929,8
8.400596,1.0883218,8
3.6328127,8.463393,8
5.0761194,9.6396,8
3.7657814,7.443864,8
7.4242144,2.1002927,8
3.0036263,8.246883,8
8.342182,1.3775145,8
11.013556,3.6812928,8
3.6443217,3.2324338,8
4.007207,7.686465,8
9.140565,1.2503617,8
-0.6289266,6.8850117,8
0.16805632,5.4304156,8
-1.1507783,4.491191,8
6.4559097,2.4565563,8
1.256502,5.6421375,8
5.882016,3.012005,8
9.1462965,4.3529034,8
5.8237,0.36891323,8
-0.32491592,5.7227845,8
4.274938,2.0180914,8
7.5100713,1.9890147,8
8.552441,3.63868,8
6.43696,3.8818674,8
7.5718226,6.8101015,8
4.557736,0.69090027,8
3.0648189,7.2514634,8
9.58493,6.1095424,8
3.66528,8.450658,8
3.8163269,7.4770455,8
3.5114224,3.1067004,8
-0.38066402,5.748403,8
4.837543,0.93144476,8
3.0516558,7.1925106,8
0.07234918,8.669008,8
9.034576,4.0801716,8
-0.16787662,8.11182,8
0.23749591,4.651706,8
7.1299033,8.058423,8
4.256827,10.008787,8
6.104136,-0.09353377,8
7.65356,5.223388,8
5.308696,0.35393798,8
3.36092,7.525764,8
6.4682755,1.0337601,8
3.6843996,8.458763,8
7.460549,4.5689125,8
7.204387,1.3216368,8
-0.19353886,8.058039,8
4.4076586,9.9659395,8
-2.4718862,5.5229216,8
5.5196295,3.259752,8
4.743577,4.9062624,8
11.706171,8.756594,8
7.449647,4.5977116,8
3.7532606,4.868736,8
10.030037,5.6391163,8
-1.471074,6.6963024,8
5.904891,10.159349,8
0.6971274,4.7130923,8
-0.27596277,7.025382,8
-0.6157384,6.8026595,8
7.1535945,8.214815,8
11.2442,8.691215,8
-0.04559841,9.004254,8
5.8885703,2.8860376,8
7.4355507,4.591966,8
4.144684,7.6353507,8
1.9727737,0.05990123,8
6.4873347,3.8344824,8
7.35471,4.6768475,8
3.7518244,6.8056,8
4.1151915,7.59578,8
11.2376995,2.5910144,8
2.6826441,-0.35907084,8
8.064209,4.1877623,8
7.612121,4.0675716,8
6.0783653,9.961093,8
8.706951,3.470971,8
4.468718,9.614097,8
9.528935,3.591457,8
5.6514297,4.503086,8
3.7503786,6.8263702,8
4.1692166,7.652507,8
4.64681,4.957718,8
7.500984,4.5321236,8
3.8584206,4.724805,8
6.963694,7.645396,8
4.444237,9.549263,8
5.4032655,4.949497,8
-2.3590786,6.946983,8
2.746266,0.6946992,8
2.0533483,1.5543007,8
3.5895581,7.21952,8
5.5410028,0.39467204,8
7.842121,4.2040977,8
0.22611119,4.6419263,8
8.655777,3.1580987,8
8.649532,2.477677,8
5.342755,4.7333016,8
2.9405642,8.320727,8
-1.5088491,6.5905466,8
3.7319522,8.812369,8
7.4736567,4.551945,8
1.0426786,7.222402,8
5.0348816,6.040569,8
-0.43619016,2.6793685,8
8.534456,3.644366,8
3.8849585,9.191427,8
4.9217715,4.8473907,8
-0.8373693,2.81975,8
4.356507,1.9573684,8
-0.14519502,4.915375,8
4.5863743,5.0442843,8
-0.25998175,7.682499,8
-0.71105236,6.9846077,8
7.9088173,3.9891415,8
6.48615,3.860352,8
7.28523,6.6064315,8
-0.093415,7.955139,8
3.8830001,7.492551,8
3.882424,3.6838825,8
5.613203,-0.17024623,8
0.5587306,5.0687137,8
3.3884225,6.6003537,8
-1.2970307,4.8517494,8
8.469281,9.308592,8
4.824852,9.5356655,8
6.717609,10.179035,8
8.516491,1.1905537,8
4.109627,8.531362,8
0.5104063,5.675244,8
-0.55176884,2.235413,8
5.857672,0.33713016,8
1.342068,5.6169953,8
8.198837,3.6051548,8
2.0682225,5.820438,8
-0.47773233,3.4525032,8
8.377363,6.052164,8
3.1824331,7.305806,8
10.299722,6.634355,8
5.7600884,3.0982738,8
4.5693154,5.001696,8
1.631749,5.011696,8
8.364446,1.0605553,8
7.8796015,1.1316466,8
11.489143,8.915722,8
3.2622702,8.303169,8
-0.4494213,5.878354,8
3.9798617,7.4432154,8
3.3811848,2.967682,8
3.886443,1.6509154,8
4.067697,10.090924,8
7.5654078,1.9627497,8
7.465704,1.9109269,8
2.9998255,8.357369,8
10.624725,9.206991,8
-1.3225789,8.472438,8
5.109581,1.4045824,8
5.8341284,4.598846,8
6.881423,10.083997,8
6.1293745,10.141621,8
6.735806,5.6051116,8
8.054671,1.898728,8
6.970621,7.8747783,8
5.9374733,2.861539,8
8.719018,6.0636106,8
6.0032935,4.8647203,8
9.945704,3.7823877,8
7.3409796,0.60878277,8
-1.1829079,4.4813704,8
3.8652692,7.4804482,8
6.6152935,10.243774,8
6.4989443,5.2733407,8
5.856374,2.9910147,8
1.0806934,5.7091703,8
7.5713534,6.9561157,8
7.969882,3.9200795,8
7.5655785,1.9379331,8
6.8337874,0.6961076,5
-1.4303527,4.375519,5
5.9148245,9.12379,5
11.085875,7.139353,5
7.989085,3.6762364,5
7.516541,0.11602304,5
11.013331,7.334098,5
9.41,6.889358,5
7.124113,8.195413,5
9.381781,6.968061,5
8.61161,3.6031883,5
-0.596844,4.3933043,5
-2.3623936,5.666676,5
9.140185,3.356885,5
1.641808,4.9847193,5
9.393328,9.295077,5
3.1631994,-1.0461397,5
9.566739,0.51875466,5
-2.1425753,8.952583,5
7.146974,0.42790973,5
-0.8810011,8.446198,5
1.0761101,7.26658,5
1.6074216,4.952024,5
0.61192614,2.4114876,5
-1.9259437,9.1462,5
0.47277242,7.0480676,5
-0.8538458,7.0666995,5
0.63817453,0.8182811,5
9.097524,0.08994047,5
10.520395,6.502528,5
6.1129913,9.777712,5
5.902186,10.086036,5
6.4179215,1.0873513,5
6.5119286,6.0540557,5
7.505926,4.714477,5
11.658677,8.473276,5
-1.3717799,6.91824,5
2.5917897,0.6441347,5
3.022598,-0.74053067,5
1.1845605,0.3131748,5
10.499681,8.437213,5
-0.24964777,5.4713206,5
0.47297046,1.3685452,5
0.47699302,5.5371833,5
5.652028,-0.2018939,5
11.3311,7.5996385,5
9.855251,7.2537103,5
-1.7576003,6.827046,5
-1.4682972,8.685616,5
9.072495,1.4276092,5
10.213639,6.284206,5
10.504779,2.4865007,5
-1.9159777,9.497391,5
0.9369863,2.8819778,5
9.066835,4.2118883,5
-2.298361,5.4378095,5
7.51719,0.46534124,5
-0.08454279,1.7887932,5
10.839189,6.562531,5
6.7929626,0.73642355,5
9.514284,0.38377893,5
9.950572,5.07085,5
7.03802,8.876832,5
9.53284,9.686271,5
7.8597684,5.409848,5
1.0124313,7.3539243,5
-0.263828,1.8744878,5
7.0219646,8.679593,5
3.040246,-0.4985555,5
7.7171607,1.9648246,5
9.917171,9.248482,5
9.954382,2.9258268,5
4.437936,-0.45962474,5
4.9979243,1.419716,5
11.35443,7.6324286,5
6.4749746,0.48533553,5
7.9447517,0.14627042,5
9.870806,1.6732332,5
-0.591625,4.3278904,5
6.229268,-0.54646116,5
9.402073,6.9320245,5
9.842772,9.034186,5
8.002797,1.9423031,5
-0.86101913,2.8352892,5
10.756835,3.190032,5
4.1073594,1.797407,5
-1.4400486,6.735547,5
-0.31778,8.839681,5
9.382759,1.5265203,5
3.6459804,4.2961135,5
-1.5888281,8.955561,5
9.789422,2.9779534,5
-2.3979895,5.579089,5
2.348906,0.59866714,5
10.046159,1.55854,5
6.518817,1.1808952,5
0.13314442,8.7182255,5
2.6986191,0.65787077,5
-0.6654695,7.7028446,5
10.089709,6.1119103,5
10.2796,3.0444727,6
-0.9597896,3.8200517,6
-0.22678998,5.7428274,6
1.616948,4.997653,6
-1.3781848,8.598155,6
-2.2003245,8.028129,6
10.240889,2.242607,6
9.612083,3.250035,6
9.740733,3.321989,6
9.362017,1.1872119,6
-2.0486135,7.993115,6
-1.8351073,8.169654,6
10.872461,4.4163175,6
-2.2217793,6.350764,6
9.056514,0.81245625,6
-0.25156063,8.490245,6
4.1555066,1.8263869,6
8.380597,0.053723417,6
-0.25001362,5.632892,6
9.922973,3.9871042,6
-0.10575613,8.641727,6
-0.7878673,8.174091,6
-0.006240766,9.042952,6
9.532657,3.9066591,6
-0.05228966,8.656187,6
10.579274,4.3134575,6
9.533686,3.2536404,6
-2.4151006,7.4714646,6
0.0755455,7.552651,6
-1.0096723,3.9356413,6
8.820707,0.08061142,6
8.848638,1.3370618,6
8.460826,1.2868316,6
-1.0315167,4.0585666,6
8.180924,4.1158714,6
9.994259,4.070706,6
11.087924,2.6086705,6
-0.037078757,7.440658,6
-2.1359143,5.4528055,6
1.5979364,4.964813,6
3.4580505,4.196968,6
11.417477,2.8718266,6
-1.2127037,8.389973,6
-1.1803875,5.3204494,6
8.713893,0.9189861,6
8.678093,0.95510566,6
-1.4540402,5.403719,6
10.517852,2.417028,6
10.71841,3.0630105,6
8.4322195,4.1072955,6
9.250441,1.057711,6
9.668544,1.6124994,6
-0.6684293,8.530508,6
-0.50349945,7.663511,6
9.214066,0.31358346,6
-2.0938723,6.534413,6
-1.5539572,6.5626493,6
-2.3672042,6.610542,6
-1.3804339,5.23341,6
7.3441916,0.55825895,6
-1.0738488,7.830435,6
-1.4511569,8.811871,6
7.5150003,4.426276,6
-1.3981119,8.624525,6
2.917477,-0.6205187,6
9.160396,3.49952,6
10.680546,4.1920366,6
6.6302323,-0.4627302,6
9.590919,4.09615,6
-2.2328317,6.3559413,6
-1.4668739,7.9953985,6
9.0846195,3.3198373,6
8.783221,0.94895935,6
-2.3660433,6.8081684,6
-2.1739352,7.9389243,6
-0.42553666,8.497159,6
-0.1901804,5.6098523,6
1.6306558,4.9632554,6
10.498075,2.4206243,6
4.44859,1.9496155,6
4.1690664,9.393522,6
-2.346083,6.9451137,6
4.296745,9.522162,6
9.897665,1.3164786,6
2.4366174,-0.5210559,6
4.1117125,1.8640039,6
4.3360085,9.125534,6
0.4028042,5.2473273,6
4.042426,1.673158,6
9.574277,3.2604368,6
9.553859,0.5998594,6
1.251933,4.8690977,6
-2.4171991,7.5636106,6
-0.26791596,5.1649923,6
9.832293,1.0954657,6
8.75949,0.9121872,6
10.215909,2.2192793,6
1.6800623,5.0284266,6
10.539988,2.4670937,6
3.462715,4.186398,6
-1.826995,8.158525,6
10.74684,6.6046205,6
9.443933,3.4156587,6
-2.4258668,7.5312395,6
10.004271,6.0605426,6
-1.4902554,7.846651,6
-2.1619344,7.909818,6
4.071966,1.8959011,6
8.701759,8.706899,6
9.5191765,1.6317601,6
-0.5199655,8.470318,6
-0.054459356,8.270338,6
-0.9623332,8.292025,6
8.739413,0.973343,6
0.47460613,5.401634,6
-2.1895432,6.409564,6
7.5013986,7.461991,6
0.59588367,4.4961925,6
7.573858,3.9497867,6
1.2080895,4.849311,6
-2.2067697,7.371968,6
9.930744,1.2314277,6
8.733649,0.9440238,6
0.4874176,5.70993,6
-1.7177804,8.23516,6
-1.0016686,3.8488667,6
11.283882,2.7088258,6
-0.29458374,7.54155,6
1.7325691,0.1705434,6
9.104059,3.2052944,6
9.120561,0.10203822,6
10.0416355,1.4491627,6
0.2676292,5.004155,6
10.2581,2.2471433,6
8.886249,4.228209,6
6.2105713,-0.47643024,6
0.21790816,4.5631013,6
7.3598547,0.4448399,6
9.536992,6.104207,6
-1.6104349,5.5611415,6
9.236479,3.92384,6
10.845767,3.3775403,6
11.205148,2.964658,6
9.009543,0.88824517,6
0.07791649,5.1265297,6
7.579877,7.520146,6
6.156662,5.890691,6
7.526171,4.3428144,6
-2.3179924,5.6773214,6
10.863789,3.1061437,6
-2.3166873,6.502942,6
-0.2464593,7.733692,6
-0.42098725,8.769063,6
-1.9488733,8.545732,6
11.018158,3.5734107,6
7.3081775,0.45456293,6
9.427044,4.224793,6
10.235818,4.279812,6
-1.380383,5.818415,6
9.157577,0.8633863,6
11.175198,2.6330345,6
4.1858287,10.06706,6
-0.028323557,9.014207,6
11.284273,8.732543,6
10.708923,3.0877955,6
9.804373,3.4325244,6
-2.266629,6.389819,6
0.1281884,5.097743,6
9.59898,3.1661975,6
8.113412,1.8853605,6
7.203097,0.39893368,6
7.3432455,0.4974306,6
0.5093084,7.2268243,6
9.7002125,0.9791763,6
-1.2081482,7.5662436,6
10.75315,3.1287534,6
9.220669,3.4253032,6
10.678571,3.0179677,6
-1.2420905,8.1852455,6
7.471619,1.7956876,6
9.066881,1.4575403,6
-0.17426558,8.105114,6
8.0711775,0.53840256,6
0.55091643,4.814693,6
9.457306,0.36436164,6
-1.12726,7.673378,6
8.109336,1.8764807,6
4.119334,1.8504623,6
1.6438017,5.810127,6
8.673022,4.3238254,6
-1.2499177,4.847473,6
9.37794,6.955918,6
-2.2691278,7.3453765,6
7.4818363,4.5480733,6
-2.337911,6.5415573,6
10.400306,4.6137543,6
-0.97195065,3.7758377,6
4.1209564,1.9112927,6
-2.304217,5.674512,6
7.4481544,7.10118,6
9.0338745,0.8683916,6
6.33315,-0.56095237,6
4.3510895,9.55663,6
-1.7400396,8.193156,6
6.91795,8.363566,6
-0.21212795,7.3916383,6
8.593008,1.0814837,6
-1.0348041,3.899205,6
10.988767,3.4812393,6
-1.506901,7.8959885,6
7.3484125,0.5732713,6
-1.600732,6.8004503,6
1.1537579,4.807431,6
-1.9488764,7.006258,6
-1.9038419,8.606089,6
-0.638352,7.8326006,6
-0.005289829,8.638159,6
9.133875,4.1151447,6
10.763448,3.1966035,6
-0.276891,5.673868,6
-1.4206839,8.638545,6
0.12229127,5.8161016,6
-0.15907024,5.6782293,6
2.3497124,0.75418466,6
4.9508867,1.3404527,6
4.051998,1.6521523,6
9.639327,3.2330139,6
9.939505,2.955188,6
11.395629,2.8015723,6
-2.404896,7.4899116,6
-1.9201251,6.8298907,6
-2.309154,7.5200953,6
10.009293,1.4394321,6
-0.14540271,5.0877757,6
7.387206,4.468476,6
-0.2881197,5.338116,6
3.882414,3.2467952,6
-0.92700344,3.8673513,6
10.957296,2.4630094,6
0.50433564,5.5130315,6
0.2496878,7.3248973,6
0.14209725,4.9190874,6
-2.2530353,7.4077725,6
7.455434,4.4954157,6
9.536062,3.2620275,6
4.3534236,9.531856,6
4.1692863,10.0921955,6
9.783637,3.4674196,6
-2.2240226,6.263017,6
9.108949,0.8952112,6
0.077145815,8.686433,6
4.059964,1.7146078,6
-2.3593545,6.501698,6
9.918769,2.9022758,6
8.143855,0.43424064,6
9.850862,1.153945,6
1.1715182,4.8270235,6
2.9582098,7.047789,6
9.958533,1.3966204,6
10.685579,4.1009765,6
-2.3912637,7.635332,6
9.838799,1.1151568,6
-0.12785856,7.5440316,6
-1.8570282,6.8035817,6
9.07609,0.09117783,6
-1.9959524,8.732071,6
-1.4225476,5.3073554,6
4.978892,1.4577167,6
4.5402603,-0.4126439,6
-1.286317,7.0192146,6
-2.3343823,6.9461913,6
10.015337,1.4289129,6
-1.0009977,8.368398,6
0.49691322,5.55598,6
-1.8049898,7.2083526,6
-0.2550689,5.6867733,6
9.772828,1.5810833,6
9.799324,1.1262028,6
7.5754848,4.4110575,6
10.213413,2.21333,6
-2.1943169,7.2790966,6
5.2572427,9.491742,6
6.826142,5.5610137,6
-0.9491795,4.291696,6
7.437526,7.229255,6
0.9449261,4.7389164,6
-2.2839346,6.4255037,6
-0.41127267,8.304571,6
8.075707,0.32778892,6
11.191825,2.6141121,6
-0.62159103,4.483652,6
4.0228486,1.5708685,6
-1.7647521,8.226658,6
-0.24041195,5.665898,6
10.486319,2.9884245,6
1.3590682,5.0492344,6
0.4595109,5.556866,6
9.981582,3.8610253,6
9.780896,1.0457659,6
3.729552,4.929085,6
8.174559,5.3212337,7
4.0259185,-0.5395839,7
5.9676332,9.769928,7
9.41929,6.975127,7
0.35985819,0.6184206,7
0.12390239,1.4829421,7
6.1748013,9.011564,7
6.062727,6.2566395,7
10.063067,8.356469,7
8.989282,0.17572688,7
-0.83790296,2.7646692,7
7.8396974,5.433164,7
4.0765004,10.1138,7
6.8524556,9.0746355,7
0.3511346,0.7001536,7
6.3812976,9.402905,7
9.470866,6.950535,7
3.3712568,7.4398756,7
5.2939057,9.418031,7
10.495309,8.416545,7
10.101621,8.381343,7
6.5635686,0.00506447,7
7.607543,4.262978,7
1.7118413,0.5423536,7
5.798948,10.14628,7
10.687764,8.29768,7
3.237556,6.441368,7
5.8705873,-0.23296289,7
7.253279,9.851388,7
4.579771,4.9937863,7
4.2867227,10.132157,7
10.583738,6.6923246,7
7.508984,7.992966,7
1.2794349,0.82541126,7
3.6558707,-0.7183286,7
-1.9892777,8.681832,7
10.811274,6.916273,7
10.801793,6.9129534,7
8.6811,8.817462,7
6.3719306,7.201428,7
-2.1816847,5.7548213,7
-0.86734957,2.845059,7
1.6860039,2.3458314,7
11.105173,7.490136,7
8.641851,6.0581355,7
5.8723726,3.0031369,7
2.4731476,-1.274824,7
1.8489538,-0.16830434,7
8.899117,0.06805544,7
11.048873,8.490475,7
9.615134,5.14617,7
5.322575,9.405364,7
8.375337,3.6933541,7
0.6174981,0.5598218,7
5.195547,6.0752826,7
9.064368,0.08154253,7
-1.8852601,8.089903,7
9.730981,7.7319703,7
11.040468,7.4679294,7
-0.3472432,5.2857385,7
8.84892,0.079030365,7
0.15455973,1.2820181,7
10.962189,7.392344,7
3.5538146,3.1423385,7
10.619756,9.119397,7
1.0446169,4.801153,7
7.26026,9.891672,7
7.1457214,8.168132,7
6.635241,9.08908,7
10.056232,7.2223725,7
5.4730268,-0.124393046,7
-1.2129058,4.4626083,7
-0.86868274,8.051257,7
9.800452,1.0935683,7
-0.18884325,1.9757993,7
8.529995,6.038573,7
3.5154324,-0.821575,7
-1.0451485,3.9635515,7
8.002547,0.18174937,7
4.2969713,0.66385573,7
7.8217735,5.3853683,7
1.5893495,5.638947,7
4.371546,0.59742236,7
4.059811,10.10364,7
11.145891,7.477112,7
8.125041,1.900784,7
11.001517,7.2155685,7
9.3487215,7.109192,7
5.2931046,9.930937,7
11.336735,7.9921236,7
5.9778066,10.22979,7
2.420897,-1.2984189,7
0.68106145,4.5574236,7
5.41985,9.568198,7
6.1534014,9.3960905,7
2.8732262,7.711803,7
6.383357,10.309518,7
8.858914,0.0020681454,7
6.231515,-0.39506802,7
9.60906,7.5382557,7
10.204766,4.3206677,7
2.2254155,-0.60025823,7
10.511076,8.413504,7
6.24168,6.0124965,7
3.0061555,-1.4720947,7
9.051114,0.10301031,7
-2.0456445,9.064648,7
9.952056,9.241091,7
9.636224,4.2094674,7
10.726521,6.845444,7
9.402358,6.9422283,7
2.984589,-1.4815978,7
10.116542,8.358951,7
5.76248,10.298489,7
4.449948,5.005705,7
10.1287155,2.2078228,7
0.08445195,5.85511,7
2.016333,0.008584465,7
9.698386,4.413713,7
7.0112042,0.06545939,7
-1.8955115,9.236863,7
10.200302,6.298813,7
10.83935,8.163829,7
-0.8459135,2.7965515,7
1.4014835,5.608013,7
10.647846,4.1904206,7
8.976747,0.020141395,7
-0.68471247,8.4602165,7
3.508888,-0.79244274,7
8.3710785,0.09564538,7
10.760823,4.26802,7
11.299009,2.849135,7
-1.5475407,4.4560304,7
5.506927,-0.1490568,7
0.4271697,7.0795755,7
0.3009905,0.6519456,7
9.770263,7.208534,7
6.404116,8.9383545,7
5.370286,-0.08784003,7
5.5076146,9.734563,7
7.530963,3.936716,7
5.2984185,9.426398,7
-0.70380634,8.52367,7
10.203374,8.323267,7
9.579936,8.691709,7
4.79651,4.890804,7
9.973936,8.396358,7
1.6493238,-0.12209761,7
5.558922,-0.17092648,7
9.624883,8.327479,7
1.4425588,1.6009957,7
10.517267,4.3909216,7
10.703763,6.881637,7
4.0617723,7.5728855,7
7.6790595,0.18058506,7
9.1503105,1.4983007,7
-0.17567857,1.7395551,7
1.713667,-0.14766932,7
2.7251766,-0.97899866,7
10.463779,4.4696774,7
2.413808,-1.2935653,7
3.594461,6.7709603,7
7.2791,0.37441856,7
9.527952,9.684923,7
5.4646287,-0.058057047,7
0.09998451,1.3210378,7
10.110748,9.111079,7
1.3299314,1.0566962,7
8.605717,6.0601807,7
-0.81418437,2.8144615,7
4.698039,9.619571,7
9.711543,8.7815075,7
2.6180577,6.3830748,11
10.156477,4.331721,11
5.6921144,5.4268217,11
2.9470403,8.307989,11
3.776411,4.603295,11
-0.63706315,6.8551354,11
9.340912,1.6843501,11
-1.2529753,5.3291187,11
9.4758,6.84033,11
8.321232,9.708624,11
6.698742,6.738194,11
5.1311517,6.0725937,11
6.076273,5.777617,11
3.9235053,7.542554,11
-1.3668256,7.662442,11
6.909518,5.285477,11
-0.46799353,3.4897692,11
3.0987532,0.68831134,11
6.005245,6.182775,11
3.6865532,3.2493556,11
2.9418068,8.318377,11
7.735247,4.135339,11
-0.4284872,8.701153,11
8.229582,9.648399,11
0.51748705,5.6762595,11
4.8255024,0.88645715,11
7.9272184,0.8639172,11
6.8333406,10.148798,11
-1.4077519,5.2925715,11
-0.9926305,7.952692,11
1.8313041,0.37563366,11
1.3019867,7.482982,11
11.329303,8.13288,11
3.3719807,6.53944,11
3.5040457,7.024392,11
-1.4730681,7.830253,11
1.2977935,5.450016,11
8.308505,6.061401,11
8.264469,6.0411763,11
7.2294703,5.732498,11
5.2883487,5.0540605,11
7.8623033,4.1243057,11
2.0691342,7.904207,11
5.791931,10.08931,11
5.967905,6.030019,11
8.092823,3.3026898,11
0.6363226,4.4311805,11
1.4390053,0.16722907,11
4.047102,10.072563,11
3.5891848,7.1619697,11
4.1171556,10.102502,11
-0.8672247,2.8372452,11
2.9304407,6.477916,11
7.0094805,5.896354,11
6.3886547,6.99309,11
5.3194356,3.3020413,11
3.83586,7.6304436,11
3.7255042,4.935802,11
5.405592,0.39681858,11
3.7092505,6.877524,11
6.9973755,5.9386935,11
6.729395,5.5639486,11
5.2662597,5.9576974,11
3.577847,3.2089934,11
5.505645,3.256318,11
8.582727,3.616887,11
1.8548288,7.854312,11
3.0288572,7.278634,11
5.8101006,3.1232598,11
6.3805866,2.3132567,11
4.0507293,10.112667,11
-2.397871,7.2943115,11
8.593245,2.91842,11
-0.03778697,9.091873,11
5.931643,2.8504488,11
9.858009,5.696589,11
7.5970197,6.871579,11
3.1569679,2.7087207,11
11.335715,8.114859,11
9.414183,3.2734482,11
3.0194318,-1.4913172,11
3.6746354,4.3316474,11
-2.4136963,5.5856757,11
-0.695529,2.7092106,11
8.173061,4.2284694,11
0.4501884,5.771261,11
-0.56528264,2.2694516,11
2.7240305,6.4204235,11
-0.32149497,8.628485,11
5.0426536,4.7561154,11
-1.0199919,7.0548115,11
1.694368,2.3735378,11
-1.2848248,5.0195565,11
3.5734882,6.8185635,11
0.32227507,4.678434,11
9.158696,1.4990578,11
8.93512,2.7166326,11
2.9061894,-0.59447306,11
8.266064,6.08951,11
2.6310444,-0.33344346,11
8.924429,4.146819,11
2.0100102,1.5385566,11
1.9399409,7.988192,11
11.004536,9.06719,11
3.5475354,8.769886,11
10.027242,4.0511208,11
4.1980257,9.270133,11
7.502419,5.2078013,11
8.02663,1.9380028,11
5.4285636,0.07350476,11
2.4385924,-1.2849442,11
4.977053,1.417536,11
1.6875637,2.3616896,11
3.6438813,7.2590857,11
10.924467,7.8601913,11
9.955536,4.1264467,11
8.116676,1.9073814,11
7.419272,4.460621,11
5.516125,5.6299233,11
8.116389,1.9294401,11
6.0650535,4.464973,11
2.6373692,0.6663184,11
10.929201,6.9482646,11
7.9223347,3.3550043,11
11.426621,8.068076,11
9.275068,1.4968593,11
3.2866168,8.296139,11
6.2484183,2.8235543,11
-0.21205658,7.2487135,11
-0.36942068,3.446359,11
6.9677396,5.903816,11
9.095702,0.108551905,11
5.661958,0.39445457,11
1.0689284,3.0146835,11
7.934058,3.8918638,11
5.283591,5.6570153,11
6.782356,0.7025568,11
-0.79357946,3.9925885,11
6.3783674,7.037247,11
10.050922,5.8851295,11
10.37828,5.4372377,11
8.576758,2.8051112,11
4.5681057,-0.3863931,11
-1.4524994,8.828077,11
5.622174,5.426573,11
5.1227856,6.0507126,11
3.8060982,4.6830344,11
7.8925776,3.9638417,11
4.407665,0.60654265,11
9.868872,9.27431,11
7.5910063,5.1886363,11
11.301095,7.9815197,11
2.6423786,0.652139,11
7.1250854,7.4990377,11
10.405435,5.44445,11
2.0686347,1.5947055,11
-0.4233941,5.822514,11
-0.14178602,8.143931,11
-1.8919259,9.027763,11
3.1788595,6.4290867,11
-0.65864766,7.063091,11
7.165289,1.2648989,11
8.605749,6.0619392,11
-0.49043164,2.1839108,11
3.475641,4.180062,11
8.048693,0.2576204,11
3.6498065,6.8268538,11
8.527305,9.339669,11
5.9994407,3.1783924,11
6.944778,5.223026,11
7.4657636,1.8746228,11
11.265599,8.0114355,11
-1.3440778,6.1170325,11
0.5647178,5.493799,11
-0.44289,3.5091114,11
-0.4539298,3.5115926,11
7.493543,1.9169747,11
11.338989,7.7118864,11
3.7501664,4.889952,11
9.961159,3.9528966,14
-1.1317836,4.493516,14
0.14671701,7.1697946,14
5.373017,4.595014,14
3.6314595,8.459407,14
8.951135,3.4477355,14
10.347469,2.4537392,14
9.545565,4.1257133,14
0.11420668,8.627299,14
4.499882,9.5991745,14
11.243117,2.580841,14
9.032388,2.6010711,14
3.8595483,7.3712363,14
5.3990564,3.2760952,14
7.061107,7.5868177,14
11.407053,8.037794,14
-1.01915,5.353066,14
9.000282,1.3885015,14
4.9818883,5.0343637,14
-1.2382089,5.2589483,14
-1.8528864,9.538847,14
10.844568,9.124265,14
10.899184,2.3860793,14
3.1953502,0.6157261,14
5.4828672,3.5900195,14
5.6677647,0.41171843,14
5.4408193,5.0389934,14
2.122205,7.972511,14
0.19553953,7.3735423,14
8.180794,9.6435585,14
6.9762325,5.196259,14
-0.65723735,7.718936,14
7.421014,4.571033,14
10.87773,8.994923,14
11.385502,3.835903,14
5.9975147,3.1792684,14
8.560032,2.6718593,14
7.9333515,8.135251,14
6.3838954,1.908894,14
8.497134,2.9320683,14
10.909253,2.4635782,14
7.215219,1.2899737,14
5.555649,5.43176,14
-0.94005716,7.817866,14
2.2190888,0.7836859,14
8.9989395,3.935399,14
3.364347,6.533227,14
-0.4969478,2.9544578,14
7.3312593,0.3814364,14
3.1629055,6.412219,14
5.9351597,2.7952406,14
1.2916721,1.4364617,14
5.9865932,3.0238795,14
10.470331,6.1172924,14
4.9670353,0.92234147,14
5.5015516,-0.04079896,14
8.932536,-0.0012800458,14
11.373766,3.760067,14
11.252927,2.5466702,14
7.4585195,7.409957,14
4.9219346,1.3943684,14
5.9870653,4.7850475,14
7.9871774,9.604678,14
3.7317276,-0.2873649,14
5.5730557,-0.2374355,14
5.3144307,5.061005,14
2.9012506,6.5578804,14
9.23746,1.709415,14
6.5716243,6.8309536,14
4.9813194,4.7978005,14
3.7940507,9.154027,14
7.802071,0.7068021,14
5.4242806,0.3603373,14
6.150302,5.90143,14
6.306377,7.035085,14
0.0748698,5.8655195,14
4.1840315,9.0555,14
7.5523944,6.9608493,14
3.903874,5.091506,14
5.1232767,0.15955706,14
-1.1778725,5.311104,14
6.969428,5.607276,14
6.3520846,1.8555999,14
3.577196,4.28151,14
6.163547,6.0715523,14
9.081506,4.3222485,14
-0.6630702,3.246687,14
5.2629223,5.0349526,14
8.160642,0.35651532,14
5.4415026,0.23017119,14
9.995862,6.8496866,14
-0.012649175,9.045851,14
2.3516045,6.137806,14
1.704331,0.50880975,14
3.5189927,3.0994172,14
7.038156,9.807251,14
1.063109,3.0199382,14
6.987031,1.3239734,14
6.1527357,9.905654,14
-0.3721316,4.2280383,14
8.436836,3.7634344,14
0.25500673,5.680235,14
0.49878418,5.5412827,14
5.958975,6.205163,14
3.8870118,8.426143,14
-1.1777284,5.3397593,14
6.461275,3.8385665,14
-1.168393,5.299735,14
6.678452,5.948712,14
-0.44720775,5.8208957,14
9.202471,6.7472444,14
8.829379,0.087579496,14
7.128433,5.7778163,14
5.2263107,4.9513607,14
8.958666,4.1961718,14
5.970027,6.2205,14
4.172549,1.8818482,14
4.1783776,9.262289,14
11.411533,8.010796,14
1.062735,3.0064592,14
9.914848,6.928347,14
11.347151,3.4526858,14
-0.9715534,7.024922,14
8.576712,3.627517,14
8.740077,3.6843772,14
-0.10647071,7.7007756,14
4.406017,9.544132,14
9.888122,9.226674,14
6.1711607,6.192684,14
-0.43209442,3.520547,14
9.972916,5.7123146,14
9.238421,2.396275,14
6.840694,8.46584,14
0.50941896,2.2293746,14
11.4371,8.056511,14
7.221246,6.3697357,14
1.6838224,5.061166,14
-0.05592234,4.825668,14
1.1043521,1.6690519,14
7.8539023,4.171505,14
7.027325,5.8263774,14
3.874969,9.177341,14
1.6661221,2.3094177,14
8.184793,1.5462394,14
9.364018,4.5370727,14
9.1654215,2.390738,14
5.311605,5.0555296,14
0.0460501,1.3648903,14
1.0573431,7.2566824,14
9.353364,6.9713664,14
0.58918315,5.7316136,14
3.9426105,3.207204,14
7.364765,6.867017,14
10.887579,9.005958,14
7.358965,0.7114593,14
9.267198,1.4957147,14
3.0120971,-1.3236922,14
7.1377087,5.7897906,14
-1.2451642,5.322869,14
-2.2451189,7.3981094,14
8.509378,2.8418264,14
3.8204024,9.1358185,14
-0.36945948,4.2569985,14
3.740563,4.9039927,14
5.019276,6.0229297,14
4.6900706,0.97019804,14
10.1466465,6.1944327,14
0.96162784,2.9137635,14
4.1424875,9.257975,14
3.388871,6.5758877,14
0.867824,2.8376527,14
8.111527,0.65251195,12
0.30723926,1.2092013,12
2.5147333,6.2982726,12
8.700615,6.022782,12
0.22186434,7.333584,12
3.4844644,0.6183544,12
6.422451,-0.5628314,12
2.952682,8.330946,12
3.0118105,8.370296,12
2.594002,0.6477271,12
1.1419345,3.1144512,12
3.9413087,8.428028,12
6.273894,9.140723,12
-0.41140696,5.8477902,12
9.916553,5.695991,12
-1.1992421,8.37965,12
-0.9671215,3.7159188,12
4.9945493,9.898983,12
2.541769,6.30011,12
-1.406062,5.4966226,12
6.1520534,3.8714743,12
2.6052542,2.0792527,12
4.563626,4.997704,12
9.033983,0.045435704,12
3.7337065,4.9751368,12
3.823129,4.6816907,12
2.8994849,8.228949,12
2.5752654,-0.19889179,12
-0.3408695,4.3242316,12
8.407437,4.095598,12
9.664819,4.975241,12
7.909746,1.9633125,12
2.932217,-0.6050314,12
9.970679,1.2606698,12
-0.0387852,4.9652967,12
1.5780417,0.67187476,12
8.950864,2.6329367,12
-0.45351997,3.4837701,12
6.941129,0.6718626,12
9.996275,1.4080372,12
-0.74032664,8.503144,12
1.7637252,5.7548814,12
4.6513934,9.919964,12
3.6184728,8.466045,12
9.887723,5.9867773,12
4.510527,5.0325356,12
4.1449056,1.7704617,12
8.687716,2.5663667,12
5.5334816,3.2472818,12
10.114303,4.478438,12
3.7956073,6.803148,12
9.884814,5.6849794,12
5.883083,2.9434028,12
7.8808436,4.310818,12
5.9739304,6.2480087,12
-2.2168987,6.2559123,12
5.3570876,5.090102,12
2.1193037,7.9540896,12
1.8966216,7.9708724,12
8.047436,0.5215485,12
9.034934,3.9297256,12
8.96287,0.16548048,12
11.366744,3.689507,12
1.9769206,5.8819838,12
4.629488,9.222865,12
1.352712,0.07833266,12
5.0841336,3.2743194,12
3.8630877,3.81211,12
5.9636655,6.2119217,12
1.695525,2.376621,12
5.077854,6.0397816,12
0.5168254,5.7588243,12
-0.65494007,6.913301,12
9.106896,3.8789372,12
11.010392,3.4875596,12
10.060582,2.103259,12
10.775201,3.1069953,12
9.271489,2.2960958,12
5.146713,3.2811084,12
0.49696895,5.559876,12
9.302817,8.146473,12
6.732698,5.394889,12
5.6223736,4.6225305,12
4.533644,-0.41426528,12
0.35615787,1.2266494,12
8.302142,2.977877,12
9.720654,1.7192949,12
10.557662,6.177292,12
5.9159527,2.885772,12
6.5933127,-0.48732367,12
4.6741314,1.6824274,12
1.5767273,5.750234,12
-0.43754795,5.8594017,12
5.754224,10.231823,12
5.017224,6.049044,12
5.4305706,4.8270307,12
6.3668733,2.5252466,12
6.5131793,1.1808921,12
6.3156934,10.314207,12
6.3405523,2.3132136,12
5.248088,9.51832,12
-1.4255975,8.521624,12
2.8435948,7.060112,12
-1.7422509,9.039254,12
10.16586,4.4632497,12
5.1243362,3.2932682,12
9.72326,4.924399,12
5.69325,10.278537,12
3.291159,8.382144,12
-1.2705914,4.8562117,12
0.5628831,5.4215584,12
-2.4160955,7.561966,12
3.565711,7.136966,12
6.6721,10.141112,12
8.12454,4.12959,12
10.718146,2.5500097,12
7.774472,5.539203,12
6.492205,-0.07711906,10
10.700558,8.273163,10
4.0273542,-0.5350746,10
-2.3023458,5.664974,10
7.3592744,3.8244207,10
8.154223,9.259959,10
-1.93309,9.533418,10
10.665147,3.0673337,10
8.446574,9.366921,10
1.3675059,0.17770898,10
10.9967985,7.3166695,10
1.4057362,1.3245912,10
0.6821482,1.8352668,10
8.333403,0.21847506,10
0.4814499,7.063917,10
6.2833,6.0550137,10
-1.5803498,7.206098,10
2.889178,-0.57780915,10
3.7739944,0.58991253,10
6.9846916,-0.05514702,10
6.474399,1.167112,10
10.310771,6.561786,10
8.100663,4.218828,10
6.4288836,2.0055146,10
5.4164834,6.286264,10
10.5887165,9.127064,10
5.4677196,9.266607,10
6.104544,6.137974,10
7.0666327,8.8449335,10
5.053767,6.012162,10
-1.8707482,9.301679,10
4.506162,-0.4294047,10
-1.9117277,9.211239,10
9.911858,6.8862195,10
1.0349329,0.1963222,10
-2.073421,5.516327,10
8.057937,3.494239,10
4.0516915,10.104991,10
-0.6220428,8.562798,10
4.5538406,1.9136269,10
3.0155935,-1.4759469,10
-2.371118,5.671087,10
3.0199392,-1.4776675,10
-2.2631297,7.8778324,10
-1.9766042,9.299395,10
9.600227,8.651523,10
3.6979225,-0.714082,10
-1.673567,5.6878014,10
-1.0181526,6.8558006,10
1.1222029,0.5494255,10
0.38470134,5.4851484,10
7.3509045,9.8990345,10
1.7988324,7.8192444,10
8.763885,3.6580937,10
7.1467094,8.20401,10
-2.3068564,5.677194,10
-0.35461244,8.834231,10
8.365999,3.6585855,10
7.090611,9.84005,10
8.459111,9.12167,10
10.856104,6.5900135,10
-1.3409069,6.078243,10
2.8706024,-1.0512106,10
-2.2525527,5.4308877,10
8.463022,9.079091,10
6.930631,-0.032114886,10
3.582959,4.7719927,10
10.494843,4.130976,10
8.089544,9.4213915,10
0.11109719,1.4662375,10
-2.239413,6.3079586,10
0.65155065,1.0410477,10
8.654226,2.6489515,10
8.9859,8.584159,10
8.118155,0.5866317,10
4.0454245,3.165751,10
7.0847597,8.83437,10
6.468482,9.0495615,10
-1.0082737,5.339272,10
6.2920175,-0.5446643,10
2.180317,-0.4810101,10
-1.774013,9.067514,10
3.6310103,8.464337,10
6.1665077,-0.50022,10
0.3016127,7.360231,10
3.1163464,-0.71665865,10
3.9184132,3.677481,10
0.5734528,2.0222728,10
-2.229058,7.9262857,10
9.877852,8.945978,10
3.4606526,0.57714474,10
0.35630777,0.63684064,10
5.287385,6.1783886,10
5.1999054,6.0603566,10
1.0761405,0.5918453,10
4.311675,0.8579254,10
7.5909185,6.8667717,10
1.1251602,0.53915024,10
10.822665,4.0086474,10
8.525942,6.0046067,10
8.052682,0.8639267,10
4.2105446,7.676751,10
-1.5374495,4.458398,10
0.8742455,0.83697325,10
9.358361,0.7827497,10
-1.2182641,4.1161666,10
1.3537207,1.3517418,10
-0.39435592,2.0688179,10
5.108112,6.110639,10
8.281186,8.517064,10
-1.2090435,5.284163,10
2.831176,-1.0281645,10
7.950483,9.609502,10
11.704497,8.784647,10
8.696547,9.666954,10
6.680223,9.080273,10
5.027299,1.4381816,10
3.7939188,4.7033434,10
1.0324205,2.9819367,10
-1.1333562,5.334543,10
9.871733,8.287677,10
1.3885928,1.3235161,10
-1.9548833,9.513649,10
0.45755598,0.5778991,10
11.152813,2.7761455,10
1.5270218,1.5836178,10
0.6324334,1.243027,10
2.9443269,8.173699,10
0.67259926,0.5453961,10
1.079906,0.5260825,10
9.82306,7.2586737,10
-0.24238211,7.207332,10
9.210009,1.3859041,10
9.798377,8.858416,10
1.4237376,1.3605598,10
-0.18256539,1.9039931,10
11.286466,8.713974,10
9.1357,0.88194615,10
3.605702,-0.7866471,10
8.386135,9.4459915,10
8.598657,9.035762,10
7.386375,1.896668,10
3.5847762,6.834907,10
2.9426422,-0.6044242,10
8.609688,2.6462045,10
4.523636,1.0816907,10
8.032372,0.22758467,10
1.7499417,0.50230426,10
-2.1837232,6.387252,10
0.59794384,1.9715539,10
10.152267,8.558618,10
-0.9962886,3.8351672,10
3.5565856,-0.37468952,10
11.414307,2.8222542,10
-2.2422464,7.948782,10
8.398066,3.781981,10
11.385853,8.054829,10
-2.2674124,5.389808,10
5.301138,5.047343,10
11.327818,7.636931,10
-2.3986692,5.5289617,10
6.342399,-0.10373759,10
8.819928,5.9800787,10
3.8327146,4.7998223,10
6.3780837,9.123429,10
3.0654948,7.1538825,9
9.446156,8.359435,9
2.3980744,-1.2801586,9
7.7047224,5.097291,9
1.1133577,0.285506,9
1.9989016,5.905073,9
2.9917655,-1.4871901,9
4.0954523,1.5386459,9
8.160504,0.38668886,9
5.828157,3.0380192,9
10.666745,2.8026462,9
5.4706097,-0.022624405,9
0.21124661,4.7304225,9
10.386987,5.377658,9
1.9102672,-0.19973198,9
-0.1991756,8.090683,9
10.112842,4.3722787,9
6.4277573,1.0243237,9
1.0006868,1.4408407,9
2.5917366,0.6455189,9
6.341823,-0.1287175,9
8.825978,4.176775,9
0.52162504,7.1483407,9
3.168622,-0.5561393,9
11.445873,7.911243,9
7.124323,7.5075727,9
6.167024,-0.5931015,9
4.054474,10.100278,9
5.48743,4.9517803,9
3.6559317,4.2548285,9
-0.39111644,4.2399974,9
-1.0162162,3.9695373,9
-0.17447242,7.0414066,9
4.642367,-0.3498864,9
9.694328,7.461744,9
7.0138955,1.2001692,9
10.431334,6.320199,9
0.608237,2.1104302,9
9.299086,1.6741605,9
1.7632669,-0.15745443,9
10.774341,4.172992,9
4.5314574,-0.41013426,9
6.569168,9.085798,9
5.7505217,10.32848,9
3.963374,3.1880643,9
1.9473618,-0.26251915,9
1.5456986,0.13487019,9
11.580642,8.886304,9
5.517053,0.36035126,9
-1.1272248,8.480999,9
10.472915,4.460263,9
7.946338,8.145019,9
8.339293,8.551782,9
4.1962414,7.6519766,9
-2.4580579,5.531359,9
6.8767953,9.698012,9
-1.2633001,7.13823,9
4.2778425,9.245079,9
9.750262,3.681154,9
1.9905821,5.858534,9
3.8555517,3.2515905,9
8.520753,5.9774117,9
3.0793388,-0.6562772,9
7.3894863,3.8403575,9
10.944386,3.7126105,9
9.780547,3.3909602,9
9.363695,7.2268877,9
6.441109,3.853133,9
4.015311,1.5317589,9
7.303378,7.9117565,9
11.531878,8.838116,9
10.776353,8.329235,9
9.630244,7.7600985,9
2.2786064,0.55235636,9
4.665469,4.9959936,9
4.9426622,9.304123,9
10.387948,8.297149,9
-0.69857645,2.5208223,9
7.28752,8.082824,9
1.0426556,7.2887163,9
9.486873,7.578119,9
7.108866,8.181129,9
9.803478,8.800566,9
9.668187,5.0404925,9
11.139997,3.6596007,9
8.123503,0.5292425,9
3.6503885,-0.54254335,9
3.1538477,8.264113,9
0.06957036,1.4933373,9
6.1758385,5.8939843,9
6.299569,2.6300545,9
8.428294,8.611817,9
1.206358,7.407501,9
4.0444922,10.098544,9
10.031981,8.300708,9
-1.3418797,5.8887153,9
1.6832004,2.3559728,9
6.6188874,0.72727907,9
6.774052,0.067909665,9
9.688455,8.737017,9
2.282421,0.81543434,9
4.1205735,1.756027,9
-0.40896532,2.1127813,9
6.6902456,10.199269,9
11.717352,8.755916,9
3.4266427,4.177581,9
9.903134,7.173012,9
1.4040235,1.2751912,9
10.295417,6.615084,9
9.877782,7.299723,9
-0.87260383,2.8637998,9
1.5960549,1.5179905,9
6.2955084,6.8313403,9
11.409247,2.819599,9
8.090151,1.9027735,9
11.19334,3.655726,9
5.263583,5.8891325,9
7.4667335,4.5400906,9
4.0017295,3.1034389,9
0.7045354,1.4414203,9
0.47355014,7.2633424,9
0.44582465,7.269628,9
5.5985036,3.3004959,9
-1.5420973,4.4546237,9
-0.9408768,3.5686233,9
5.315775,0.06839919,9
8.293945,8.513435,9
5.517768,9.203971,9
8.675111,6.037001,9
0.47757465,7.0261393,9
-0.56923956,6.6376166,9
5.9737844,10.224913,9
-0.5934836,4.429903,9
7.7857633,1.1856359,9
6.573706,1.2692615,9
-1.8584802,8.325269,9
0.4752826,7.0670743,9
3.0506055,7.154413,9
8.823399,9.718724,9
-2.3777153,7.016529,9
9.278765,0.20470637,9
10.540793,6.720002,9
-1.3783745,5.1657033,9
10.39245,2.3482835,9
10.597748,6.5670376,9
0.5840481,2.0450566,9
-0.7111849,6.9208064,9
2.9564502,-0.49384928,9
9.543347,8.738276,9
4.3669763,0.6433358,9
-0.123618275,8.258591,9
7.4272265,7.003976,9
6.7068706,9.607008,9
11.409311,2.8449738,9
8.313063,9.590566,9
5.396587,5.0518517,9
-0.33051035,5.1212125,9
1.6696012,5.034092,9
8.505113,9.269484,9
6.5856395,6.8120155,9
9.480404,0.42899495,9
7.5013084,2.0381749,9
1.7016715,2.3714123,9
6.767435,6.713383,9
3.1933172,2.7599385,9
0.5633634,1.9190001,9
-2.1831121,6.293024,9
-1.5393544,4.4318576,9
-0.7150129,2.940414,9
-0.26915547,7.0696406,9
10.046911,5.6450186,9
10.457376,6.421501,9
8.671754,9.165462,9
11.749976,8.677622,9
11.356989,8.783385,9
9.985661,3.9115152,9
0.747847,5.2161465,9
2.4899063,-0.281567,9
6.496413,6.8548384,9
5.356371,5.3194423,9
4.277231,1.357669,9
9.797137,5.760502,9
1.9805009,-0.25102165,9
-1.0062337,3.853598,9
5.2358427,3.3139207,9
-1.471083,7.9870133,9
1.1382337,7.379227,9
0.9613087,0.39199498,9
5.862522,9.088596,9
4.8345513,4.8637843,9
-1.2672067,5.5180383,9
9.555522,7.691465,9
9.917161,9.314025,9
-1.407265,5.9206896,9
9.626986,5.0388837,9
10.62783,9.072598,9
6.7437625,9.64818,9
-1.1699147,8.460595,9
5.571082,9.633672,9
5.4666576,4.7543936,9
2.6300583,-1.2475362,9
-0.003930987,1.8260055,9
3.6591208,-0.5285227,9
11.112554,3.5985837,9
6.5717854,1.7108494,9
9.601428,5.1102886,9
-1.3240745,7.3286114,9
-0.4112869,2.100932,9
7.1410937,9.787987,9
8.09762,4.13088,9
10.098563,4.258334,9
10.038188,1.4760156,9
5.8070483,6.158371,9
7.7653737,7.8227873,9
1.3386321,0.18710144,9
10.11297,7.111518,9
4.860029,9.334016,9
6.461066,1.1122806,9
-0.6064032,2.3493702,9
11.431476,8.013275,9
9.582634,9.655564,9
0.16794804,4.522274,9
-0.59569794,4.560361,9
7.1974,5.830333,9
8.036193,3.454036,9
6.321435,1.1060042,9
7.063851,8.811411,9
10.408437,4.463038,9
10.349193,2.2983873,9
6.9842525,5.909594,9
1.3008603,1.5951973,9
3.6455324,-0.52518207,9
10.656239,9.140219,9
9.440686,7.2692966,9
0.7403382,2.669687,9
6.079908,4.7794824,9
2.629517,0.61589813,9
6.55641,1.2224132,9
5.931423,10.299401,9
6.906615,10.121529,9
0.19233449,7.300136,9
5.333142,0.22907469,9
2.8182251,-1.0619401,9
8.580296,0.07996683,9
-0.2130664,7.279059,9
2.912865,-1.4310964,9
2.95902,7.2301235,9
3.678836,7.289818,9
3.8405256,8.2475605,9
7.179407,9.955151,9
2.3068323,6.114115,9
10.204723,2.2023702,9
8.932988,8.698284,9
9.77179,9.405862,9
6.379931,-0.09248378,9
0.52587867,6.9897575,9
-0.6391873,6.890411,9
5.7927947,10.193558,9
3.2512774,-0.639889,9
0.52374816,2.1236403,9
-0.15811867,1.8952137,9
1.9731591,1.5076439,9
6.4494762,-0.077339396,9
4.9293966,1.3460147,9
5.343158,6.207912,9
7.120362,8.201661,9
5.277853,5.0069366,9
3.8754394,7.491436,9
5.6030164,9.654859,9
3.795611,2.0870147,9
1.7967175,0.024894405,9
3.837109,3.8351262,9
8.288159,8.503406,9
1.627062,1.4277954,9
6.957307,0.63894576,9
11.107901,6.8586817,9
10.753229,8.286545,9
10.682743,8.309029,9
3.9981725,3.155389,9
1.1118208,1.4429221,9
4.4764147,5.014189,9
9.988272,5.717917,9
6.326656,2.4700518,9
7.7694087,5.304131,9
3.495633,4.177473,9
-2.1612236,8.776261,9
6.023,9.949865,9
8.652708,8.821931,9
-0.488661,8.507801,9
9.363911,9.717919,9
5.480752,5.1251383,9
10.031793,8.660399,9
9.064237,1.446479,9
6.525126,0.078501455,9
7.4919777,4.664869,9
2.1268847,0.75620043,9
2.0990417,1.5778005,9
6.521715,8.881996,9
3.1072555,7.2774014,9
2.910871,0.6967612,9
11.171039,7.5027413,9
6.3673286,1.5909822,9
-1.2767082,7.169915,9
4.125526,1.8142874,9
10.710579,9.0926285,9
6.42866,1.0447948,9
3.6037164,-0.27861637,9
1.987294,-0.38247266,9
6.8842635,10.145257,9
5.2977967,0.35464975,9
10.156726,8.873245,9
10.337576,4.6259866,9
6.3500223,9.140647,9
8.792904,9.412915,9
11.383749,3.587353,9
-0.29728758,7.154855,9
5.001928,1.4128187,9
0.655574,1.3868073,9
8.716321,9.705279,9
10.751052,2.5247238,9
8.49492,0.069304705,9
4.791324,9.414409,9
11.399272,2.8464704,9
5.608922,-0.16666263,9
5.482001,9.236827,9
6.8218336,9.616545,9
7.195205,9.872468,9
